<?xml version="1.0" encoding="UTF-8" standalone="yes"?>
<addon id="plugin.program.Bb2MWizard" name="Bb2M Wizard" version="1.0.1" provider-name="Jefferson Steelflex">
  <requires>
    <import addon="xbmc.python" version="2.1.0"/>
  </requires>
  <extension point="xbmc.python.pluginsource" library="default.py">
    <provides>executable</provides>
  </extension>
  <extension point="xbmc.service" library="startup.py" start="startup" />
  <extension point="xbmc.addon.metadata">
    <summary lang="en">Bb2M Wizard</summary>
    <description lang="en">Bb2M Wizard allows you to get access to the latest Bb2M Custom Builds.</description>
    <platform>all</platform>
  </extension>
</addon>